sequence_id,sequence,solubility,aggregation_propensity,stability_score,tm_celsius,expression_yield
AB001,QVQLVQSGAEVKKPGASVKVSCKASGYTFTSYYMHWVRQAPGQGLEWMGIINPSGGSTSYAQKFQGRVTMTRDTSISTAYMELSRLRSDDTAVYYCARGGYDGRGFDYWGQGTLVTVSS,7.2,2.1,8.5,72.3,450
AB002,EVQLVESGGGLVQPGGSLRLSCAASGFTFSSYAMSWVRQAPGKGLEWVSAISGSGGSTYYADSVKGRFTISRDNSKNTLYLQMNSLRAEDTAVYYCAKDRGYPYFDYWGQGTLVTVSS,6.8,2.8,7.9,69.5,380
AB003,QVQLQQSGPGLVKPSQTLSLTCAISGDSVSSNSAAWNWIRQSPSRGLEWLGRTYYRSKWYNDYAVSVKSRITINPDTSKNQFSLQLNSVTPEDTAVYYCARHYDYGDYVWGQGTTVTVSS,8.1,1.5,9.2,75.8,520
AB004,QVQLVQSGAEVKKPGSSVKVSCKASGGTFSSYAISWVRQAPGQGLEWMGGIIPIFGTANYAQKFQGRVTITADESTSTAYMELSSLRSEDTAVYYCARKHGPSDYWGQGTLVTVSS,5.9,3.5,6.8,65.2,310
AB005,EVQLLESGGGLVQPGGSLRLSCAASGFTFSNYAMNWVRQAPGKGLEWVAVISYDGSNKYYADSVKGRFTISRDNSKNTLYLQMNSLRAEDTAVYYCAKGDYFDYWGQGTLVTVSS,7.5,2.3,8.1,71.0,420
AB006,QVQLVQSGGGVVQPGRSLRLSCAASGFTFSDYYMSWVRQAPGKGLEWVAVISYDGSYKYYADSVKGRFTISRDNSKNTLYLQMNSLRAEDTAVYYCARDLRGATYFDYWGQGTLVTVSS,6.5,2.9,7.5,68.3,365
AB007,QVQLQQWGAGLLKPSETLSLTCAVYGGSFSGYYWSWIRQPPGKGLEWIGEINHSGSTNYNPSLKSRVTISVDTSKNQFSLKLSSVTAADTAVYYCARGGYDILTGYYFDYWGQGTLVTVSS,8.5,1.2,9.5,77.2,580
AB008,EVQLVESGGGLVKPGGSLRLSCAASGFTFSSYGMHWVRQAPGKGLEWVAVIWYDGSNKYYADSVKGRFTISRDNSKNTLYLQMNSLRAEDTAVYYCAKDLFDYWGQGTTVTVSS,5.2,4.1,6.2,62.8,280
AB009,QVQLVQSGAEVKKPGASVKVSCKASGYTFTGYYMHWVRQAPGQGLEWMGIINPSGGSTYAQKFQGRVTMTRDTSISTAYMELSRLRSDDTAVYYCARVRHDAFDIYWGQGTMVTVSS,7.8,1.9,8.7,73.5,475
AB010,QVQLQQSGSELKKPGASVKVSCKASGYTFTSYWMHWVRQAPGQGLEWMGRIDPEDGSTKYNQKFKDRVTITADTSANTAYMELSSLRSEDTAVYYCARGLRFDYWGQGTLVTVSS,6.2,3.2,7.1,66.9,340
AB011,EVQLVESGGGLVQPGGSLRLSCAASGFTFSSYAMSWVRQAPGKGLEWVSAISGSGGSTYYADSVKGRFTISRDNSKNTLYLQMNSLRAEDTAVYYCAKRVSHYFDYWGQGTLVTVSS,7.0,2.5,8.0,70.1,410
AB012,QVQLVQSGAEVKKPGSSVKVSCKASGGTFSNYAISWVRQAPGQGLEWMGGVIPIFGTANYAQKFQGRVTITADESTSTAYMELSSLRSEDTAVYYCARVTYDILTGYYWGQGTLVTVSS,8.3,1.4,9.3,76.5,545
AB013,QVQLQQSGPGLVKPSQTLSLTCAISGDSVSSNSAAYNWIRQSPSRGLEWLGRTYYRSKWYNDYAVSVKSRITINPDTSKNQFSLQLNSVTPEDTAVYYCARHSGDYVWGQGTTVTVSS,5.6,3.8,6.5,64.0,295
AB014,EVQLLESGGGLVQPGGSLRLSCAASGFTFSTYAMNWVRQAPGKGLEWVAVISYDGSNKYYADSVKGRFTISRDNSKNTLYLQMNSLRAEDTAVYYCAKTRGYFDYWGQGTLVTVSS,7.7,2.0,8.6,72.8,460
AB015,QVQLVQSGGGVVQPGRSLRLSCAASGFTFSSYYMSWVRQAPGKGLEWVAVISYDGSYKYYADSVKGRFTISRDNSKNTLYLQMNSLRAEDTAVYYCARVVGATYFDYWGQGTLVTVSS,6.7,2.7,7.7,69.0,375
AB016,QVQLQQWGAGLLKPSETLSLTCAVYGGSFSGYYWSWIRQPPGKGLEWIGEINHSGSTSYNPSLKSRVTISVDTSKNQFSLKLSSVTAADTAVYYCARRHYFDYWGQGTLVTVSS,8.7,1.1,9.7,78.5,600
AB017,EVQLVESGGGLVKPGGSLRLSCAASGFTFSSYGMHWVRQAPGKGLEWVAVIWYDGSNKYYADSVKGRFTISRDNSKNTLYLQMNSLRAEDTAVYYCAKPLFDYWGQGTTVTVSS,5.5,3.9,6.4,63.5,290
AB018,QVQLVQSGAEVKKPGASVKVSCKASGYTFTGYYMHWVRQAPGQGLEWMGIINPSGGSTYAQKFQGRVTMTRDTSISTAYMELSRLRSDDTAVYYCARWRHDAFDIYWGQGTMVTVSS,7.9,1.8,8.8,74.0,490
AB019,QVQLQQSGSELKKPGASVKVSCKASGYTFTSYWMHWVRQAPGQGLEWMGRIDPEDGSTKYNQKFKDRVTITADTSANTAYMELSSLRSEDTAVYYCARLTRFDYWGQGTLVTVSS,6.4,3.0,7.3,67.5,355
AB020,EVQLVESGGGLVQPGGSLRLSCAASGFTFSSYAMSWVRQAPGKGLEWVSAISGSGGSTYYADSVKGRFTISRDNSKNTLYLQMNSLRAEDTAVYYCAKDGSHYFDYWGQGTLVTVSS,7.3,2.4,8.2,71.5,430
